Gentle Skin Toner,Pacifica,14.00,14.00
Illuminating Broad Spectrum SPF 30 Foam,Pacifica,16.00,16.00
Daily Calming Spray,Pacifica,12.00,12.00
Calming Facial Mask,Pacifica,5.00,5.00
Trio,Pacifica,40.00,40.00
Gel to Foam Purifying Cleanser,Pacifica,14.00,14.00
Barrier Care Gel,Pacifica,16.00,16.00
Moisturizing Oil Cleanser,Pacifica,14.00,14.00
Bi-Phase Hydrating Oil Serum,Pacifica,18.00,18.00
Facial Lotion,Pacifica,16.00,16.00
Facial Acne Spray,Pacifica,14.00,14.00
Redness & Pore Clarifying Mask,Pacifica,15.00,15.00
Skinflammation Calming Mask,Pacifica,15.00,15.00
Whip Cream to Foam Gentle Cleanser,Pacifica,14.00,14.00
Brow,Pacifica,15.00,15.00
Gravity Rebound Serum,Pacifica,24.00,24.00
Super Cream,Pacifica,24.00,24.00
Booster Serum,Pacifica,18.00,18.00
Brightening Peel Pads 10% AHA + BHA,Pacifica,16.00,16.00
Super Lit SPF 30 Lotion,Pacifica,20.00,20.00
VitaGlow Face Lotion,Pacifica,18.00,18.00
VitaGlow Face Lotion Mini,Pacifica,3.50,3.50
Eye Bright Cream,Pacifica,16.00,16.00
Hydrodew Moisture Gel,Pacifica,18.00,18.00
Complex Lip Balm,Pacifica,10.00,10.00
Beauty Bundle,Pacifica,52.00,52.00
Kit,Pacifica,26.00,26.00
Skincare Bundle,Pacifica,60.00,60.00
Hydrogel Facial Mask,Pacifica,5.00,5.00
Foaming Cleansing Gel,Pacifica,14.00,14.00
Daily Turnaround Hydrating Moisturizer SPF 50,Pacifica,24.00,24.00
Time Shift Eye Serum,Pacifica,22.00,22.00
Gravity Rebound Facial Massage Roller,Pacifica,25.00,25.00
Skincare Trio,Pacifica,50.00,50.00
Skincare Bundle,Pacifica,72.00,72.00
Hydrate & Plump Facial Mask,Pacifica,5.00,5.00
Plumping Jelly Mask,Pacifica,25.00,25.00
Hydro-Treatment Undereye & Smile Lines - 2pk,Pacifica,6.00,6.00
Hydro-Treatment Undereye & Smile Lines - 4pk,Pacifica,8.00,8.00
Complex Serum,Pacifica,20.00,20.00
Every Day Lotion SPF 30,Pacifica,22.00,22.00
Recovery Eye Cream,Pacifica,20.00,20.00
Hydrating Milk Tonic,Pacifica,18.00,18.00
Complex Lip Balm,Pacifica,10.00,10.00
Hand Cream,Pacifica,14.00,14.00
Body Oil,Pacifica,16.00,16.00
